{
  "fig2": {
    "a": {
      "M": 3,
      "Pn_distinguishable": [
        0.2333333333333333,
        0.55,
        0.19999999999999998,
        0.016666666666666666
      ],
      "Pn_indistinguishable": [
        0.4,
        0.30000000000000004,
        0.2,
        0.1
      ]
    },
    "b": {
      "M": 4,
      "Pn_distinguishable": [
        0.39166666666666666,
        0.47500000000000003,
        0.125,
        0.008333333333333328
      ],
      "Pn_indistinguishable": [
        0.49999999999999994,
        0.3,
        0.15000000000000002,
        0.05
      ]
    }
  },
  "fig3": {
    "M": 4,
    "active": {
      "Delta_n_distinguishable": {
        "-1": 0.08333333333333334,
        "-2": 0.0,
        "-3": 0.0,
        "0": 0.3333333333333333,
        "1": 0.4000000000000001,
        "2": 0.16666666666666669,
        "3": 0.016666666666666656
      },
      "Delta_n_indistinguishable": {
        "-1": 0.1,
        "-2": 0.0,
        "-3": 0.0,
        "0": 0.3,
        "1": 0.3,
        "2": 0.2,
        "3": 0.1
      }
    },
    "passive": {
      "Delta_n_distinguishable": {
        "-1": 0.2416666666666667,
        "-2": 0.08333333333333334,
        "-3": 0.008333333333333328,
        "0": 0.3333333333333333,
        "1": 0.2416666666666667,
        "2": 0.08333333333333334,
        "3": 0.008333333333333328
      },
      "Delta_n_indistinguishable": {
        "-1": 0.2,
        "-2": 0.1,
        "-3": 0.05,
        "0": 0.3,
        "1": 0.2,
        "2": 0.1,
        "3": 0.05
      }
    }
  },
  "meta": {
    "N": 3,
    "haarpy_version": "0.0.6",
    "matplotlib_version": "3.10.8",
    "numpy_version": "2.4.1",
    "platform": "macOS-15.7.3-arm64-arm-64bit",
    "python_version": "3.11.14",
    "selected_mode_fig2": 0,
    "sympy_version": "1.14.0",
    "used_haarpy": true
  },
  "pattern_probs": {
    "fig2_a_M3_dist": {
      "(0, 0, 0)": 0.016666666666666666,
      "(0, 0, 1)": 0.09999999999999999,
      "(0, 0, 2)": 0.09999999999999999,
      "(0, 1, 1)": 0.09999999999999999,
      "(0, 1, 2)": 0.35000000000000003,
      "(0, 2, 2)": 0.09999999999999999,
      "(1, 1, 1)": 0.016666666666666666,
      "(1, 1, 2)": 0.09999999999999999,
      "(1, 2, 2)": 0.09999999999999999,
      "(2, 2, 2)": 0.016666666666666666
    },
    "fig2_a_M3_indist": {
      "(0, 0, 0)": 0.1,
      "(0, 0, 1)": 0.1,
      "(0, 0, 2)": 0.1,
      "(0, 1, 1)": 0.1,
      "(0, 1, 2)": 0.1,
      "(0, 2, 2)": 0.1,
      "(1, 1, 1)": 0.1,
      "(1, 1, 2)": 0.1,
      "(1, 2, 2)": 0.1,
      "(2, 2, 2)": 0.1
    },
    "fig2_b_M4_dist": {
      "(0, 0, 0)": 0.008333333333333328,
      "(0, 0, 1)": 0.04166666666666667,
      "(0, 0, 2)": 0.04166666666666667,
      "(0, 0, 3)": 0.04166666666666667,
      "(0, 1, 1)": 0.04166666666666667,
      "(0, 1, 2)": 0.11666666666666667,
      "(0, 1, 3)": 0.11666666666666667,
      "(0, 2, 2)": 0.04166666666666667,
      "(0, 2, 3)": 0.11666666666666667,
      "(0, 3, 3)": 0.04166666666666667,
      "(1, 1, 1)": 0.008333333333333328,
      "(1, 1, 2)": 0.04166666666666667,
      "(1, 1, 3)": 0.04166666666666667,
      "(1, 2, 2)": 0.04166666666666667,
      "(1, 2, 3)": 0.11666666666666667,
      "(1, 3, 3)": 0.04166666666666667,
      "(2, 2, 2)": 0.008333333333333328,
      "(2, 2, 3)": 0.04166666666666667,
      "(2, 3, 3)": 0.04166666666666667,
      "(3, 3, 3)": 0.008333333333333328
    },
    "fig2_b_M4_indist": {
      "(0, 0, 0)": 0.05,
      "(0, 0, 1)": 0.05,
      "(0, 0, 2)": 0.05,
      "(0, 0, 3)": 0.05,
      "(0, 1, 1)": 0.05,
      "(0, 1, 2)": 0.05,
      "(0, 1, 3)": 0.05,
      "(0, 2, 2)": 0.05,
      "(0, 2, 3)": 0.05,
      "(0, 3, 3)": 0.05,
      "(1, 1, 1)": 0.05,
      "(1, 1, 2)": 0.05,
      "(1, 1, 3)": 0.05,
      "(1, 2, 2)": 0.05,
      "(1, 2, 3)": 0.05,
      "(1, 3, 3)": 0.05,
      "(2, 2, 2)": 0.05,
      "(2, 2, 3)": 0.05,
      "(2, 3, 3)": 0.05,
      "(3, 3, 3)": 0.05
    },
    "fig3_M4_dist": {
      "(0, 0, 0)": 0.008333333333333328,
      "(0, 0, 1)": 0.04166666666666667,
      "(0, 0, 2)": 0.04166666666666667,
      "(0, 0, 3)": 0.04166666666666667,
      "(0, 1, 1)": 0.04166666666666667,
      "(0, 1, 2)": 0.11666666666666667,
      "(0, 1, 3)": 0.11666666666666667,
      "(0, 2, 2)": 0.04166666666666667,
      "(0, 2, 3)": 0.11666666666666667,
      "(0, 3, 3)": 0.04166666666666667,
      "(1, 1, 1)": 0.008333333333333328,
      "(1, 1, 2)": 0.04166666666666667,
      "(1, 1, 3)": 0.04166666666666667,
      "(1, 2, 2)": 0.04166666666666667,
      "(1, 2, 3)": 0.11666666666666667,
      "(1, 3, 3)": 0.04166666666666667,
      "(2, 2, 2)": 0.008333333333333328,
      "(2, 2, 3)": 0.04166666666666667,
      "(2, 3, 3)": 0.04166666666666667,
      "(3, 3, 3)": 0.008333333333333328
    },
    "fig3_M4_indist": {
      "(0, 0, 0)": 0.05,
      "(0, 0, 1)": 0.05,
      "(0, 0, 2)": 0.05,
      "(0, 0, 3)": 0.05,
      "(0, 1, 1)": 0.05,
      "(0, 1, 2)": 0.05,
      "(0, 1, 3)": 0.05,
      "(0, 2, 2)": 0.05,
      "(0, 2, 3)": 0.05,
      "(0, 3, 3)": 0.05,
      "(1, 1, 1)": 0.05,
      "(1, 1, 2)": 0.05,
      "(1, 1, 3)": 0.05,
      "(1, 2, 2)": 0.05,
      "(1, 2, 3)": 0.05,
      "(1, 3, 3)": 0.05,
      "(2, 2, 2)": 0.05,
      "(2, 2, 3)": 0.05,
      "(2, 3, 3)": 0.05,
      "(3, 3, 3)": 0.05
    }
  }
}